{"cabinet": [0.5951953752902711, 0.9017851151030554, 0.026888599527114643], "door": [0.12518388761434762, 0.6180012671389198, 0.11093903514510306], "trash_can": [0.06083259449162148, 0.7389896699932024, 0.8460021712545772], "table": [0.9062888660919552, 0.26870787146593644, 0.8839720613774399], "window": [0.5219740362400773, 0.36878721936282466, 0.5037120031146133], "shelf": [0.28232744906064844, 0.9370243022169747, 0.15400292620743872], "pillow": [0.44185240817037186, 0.4089294570530885, 0.020392223625561035], "box": [0.5141337305671171, 0.4421826252925848, 0.5831366589300384], "doorframe": [0.811972248156002, 0.1883035647447575, 0.5480700407550222], "desk": [0.6005279304633163, 0.7528924652221772, 0.46691014464325686], "sofa": [0.38586265035983747, 0.11019717518779637, 0.33728989821345123], "sink": [0.6421721033900797, 0.4623061548675348, 0.876894833337395], "dresser": [0.07307319625359765, 0.4573890142927377, 0.3956717523361173], "sofachair": [0.487248129851775, 0.135814216872982, 0.3757985225671774], "sofa bed": [0.728394471017397, 0.2898867761630646, 0.8309544901646779], "radiator": [0.10471500753979579, 0.1974747931395393, 0.924106079777185], "counter top": [0.9103073058175086, 0.6663654427518174, 0.04216701791957711], "coffee table": [0.9599233458280005, 0.601606068408413, 0.19328391100301434], "toilet": [0.3963520664465968, 0.8612944212573929, 0.24529602085129243], "fridge": [0.5724732955117557, 0.9550722505413607, 0.33750160005869134], "telephone": [0.35165391782837785, 0.008736320957934973, 0.7137214304567793], "bathtub": [0.7437102958864645, 0.9785573531788507, 0.5882117723863344], "microwave": [0.25064918140236436, 0.28419762758704303, 0.9703745715303809], "printer": [0.4347808347947306, 0.711778725830233, 0.8572477827067865], "shower": [0.7318659113199534, 0.778041831653492, 0.12927193329896003], "soap box": [0.6794756109431197, 0.8028318690678526, 0.5276734781733665], "stove top": [0.0670219003649668, 0.6692350574502011, 0.05922157531155481], "stand": [0.08326632767093933, 0.021790797736344292, 0.6550955046938819], "wardrobe": [0.18203928244877532, 0.8828685657710776, 0.5446378550988443], "blanket": [0.19057810700067723, 0.4113633352181899, 0.5984415637887375], "copier": [0.6311334689193573, 0.9677763775441304, 0.30432410203468796], "soap dish": [0.937256764867724, 0.2115299861113108, 0.3346821321413197], "coffee maker": [0.1767473027167712, 0.7142834444289315, 0.31103514582244685], "container": [0.44279306801446294, 0.828778708301538, 0.8526424661433749], "basket": [0.7132251131062189, 0.4127974522257517, 0.6744164244203769], "bucket": [0.24306539021128426, 0.6157176241074211, 0.10690894370412074], "speaker": [0.2406517815500856, 0.08914072104458826, 0.9504018966116925], "washing machine": [0.0688810093066261, 0.5876183807629459, 0.1879615809731403], "piano": [0.22542553049835723, 0.3106093059969419, 0.5085220959952655], "toaster": [0.5326335726023228, 0.39070231288074164, 0.563758330798711], "clothes dryer": [0.32599148725865035, 0.76213386253191, 0.4127551772539253], "vaccum cleaner": [0.9610036731586621, 0.9290263608185506, 0.6215660971429038], "water cooler": [0.6014700837007567, 0.9583502199112169, 0.943235858284933], "kettle": [0.07322947503047772, 0.6710883689486509, 0.6875105499115629], "oven": [0.6952407239932248, 0.02266092851590884, 0.9943108443601092], "hair dryer": [0.2978958879470498, 0.8979065410979029, 0.9011689252022484], "machine": [0.4082568002179221, 0.8438360027446297, 0.93749432521912], "music stand": [0.2277034610562495, 0.8036751357338099, 0.5851214636218897], "fireplace": [0.02230712141814606, 0.7562813510839801, 0.28603296757964447], "furniture": [0.437301161158944, 0.3057484631184846, 0.05260137582556146], "crate": [0.1990257524452016, 0.7767009834662312, 0.4908399642749883], "projector": [0.38942218853605026, 0.779314324395242, 0.07137864602608024], "thermostat": [0.11730607251406466, 0.5528440511941333, 0.19719554641738524], "faucet": [0.4196114801182681, 0.06547233587948653, 0.8089254954203848], "heater": [0.24882763575052302, 0.36015785092253494, 0.3626562059209858], "pool table": [0.7307493423359593, 0.02763008277590162, 0.34591965521901924], "sewing machine": [0.5858605154030021, 0.30074331053835424, 0.9396569785904955], "toolbox": [0.4168626212013541, 0.7784662347191831, 0.11756981849410941], "podium": [0.16349558363557581, 0.07634385504752006, 0.5348968120381541]}