{"alarm clock": [0.9408184098057287, 0.8035844409275004, 0.9551618956325163], "armchair": [0.7423732890987501, 0.10946927842592447, 0.417736789549807], "backpack": [0.8070529477564914, 0.7387519171615736, 0.014558804876130038], "bag": [0.0339266484077454, 0.9734505986480898, 0.23602715956381404], "ball": [0.21470633425557972, 0.8180114107192378, 0.31147766609843], "bar": [0.6560304365598644, 0.09475201992260207, 0.549717234172348], "basket": [0.819050563899794, 0.9979831377136346, 0.3228085069794594], "bathroom cabinet": [0.12599693511255716, 0.8250316693858231, 0.028036582709734414], "bathroom counter": [0.7532538820992007, 0.9675937303709202, 0.4336930681787955], "bathroom stall": [0.41856600311941483, 0.29793319365728677, 0.41322903495789487], "bathroom stall door": [0.7727540151302877, 0.9202117240117189, 0.3693871522738924], "bathroom vanity": [0.08824113241995601, 0.8101348004153368, 0.4716352236639849], "bathtub": [0.9484095996060765, 0.04345999238121423, 0.2215939142605554], "bed": [0.744194512275471, 0.9776771063409478, 0.6032920682929382], "bench": [0.16315553313931663, 0.14193314843709237, 0.6108187910124334], "bicycle": [0.3279609905040263, 0.7080415772647807, 0.7912466550678605], "bin": [0.9607390269551584, 0.7759489142378904, 0.6950840695166036], "blackboard": [0.13710408099274252, 0.936235320007122, 0.3753309808080165], "blanket": [0.9372176617842503, 0.6253223788116566, 0.25621871428219645], "blinds": [0.8751083715941633, 0.9840923464723095, 0.7363223751950927], "board": [0.19467129944923778, 0.522709295148213, 0.41945911460394114], "book": [0.3083526914516044, 0.658536891393891, 0.861238682400419], "bookshelf": [0.7680413724117772, 0.6725913484917138, 0.5857651410413864], "bottle": [0.3785763190406992, 0.8375516397127538, 0.872038319649449], "bowl": [0.37753138514495477, 0.08295991458777896, 0.7550719105509288], "box": [0.3110042244844189, 0.738028960456072, 0.9647942118225169], "broom": [0.39136685538593396, 0.74849758647279, 0.05334414189967296], "bucket": [0.48104881018489, 0.4593472515950897, 0.1178207841881006], "bulletin board": [0.5698066543584164, 0.6723445538482736, 0.9131343385901455], "cabinet": [0.32441599636726826, 0.25498545375879655, 0.17488102042000708], "calendar": [0.5718190684884428, 0.6668884985116644, 0.57683223914913], "candle": [0.18957704755382798, 0.9242790642314438, 0.0060125213102762975], "cart": [0.35685401486969626, 0.6349777379651589, 0.7546533535783684], "case of water bottles": [0.12337062246611041, 0.2552605633391991, 0.3812025846471956], "cd case": [0.9429707157345836, 0.4077901294501728, 0.4191365548402276], "ceiling": [0.5096591104127771, 0.03542928662677136, 0.2316822751258163], "ceiling light": [0.8140223060059785, 0.9565882772670986, 0.5228143148998651], "chair": [0.5859042322270257, 0.8774013222607429, 0.14397257031837707], "clock": [0.5514657344881613, 0.05526855752417892, 0.7944376907893881], "closet": [0.08122753581738074, 0.7952398610002565, 0.7423545031180435], "closet door": [0.3898413788324081, 0.7490197291736772, 0.7403299294673629], "closet rod": [0.17349376145760664, 0.3719962846988003, 0.686134156066699], "closet wall": [0.552837445324011, 0.5012384437231772, 0.5188801160257488], "clothes": [0.8710156336679289, 0.8725253476532768, 0.9346503747890949], "clothes dryer": [0.4642410594814972, 0.00929637395526095, 0.5371176306927387], "coat rack": [0.04401277601418918, 0.447530101375619, 0.8178375047274618], "coffee kettle": [0.5226725114046776, 0.9245190875300775, 0.8717665233646451], "coffee maker": [0.3950292526557506, 0.998396671596801, 0.9349251245346764], "coffee table": [0.5844761020955924, 0.9320886900911665, 0.9006519874401571], "column": [0.10098522769029639, 0.7716094853706278, 0.3115152080199163], "computer tower": [0.030212178098503295, 0.8365567729602125, 0.940647481588836], "container": [0.314788227938551, 0.9017187331899632, 0.16229324667698863], "copier": [0.11566531069276342, 0.5399463845567071, 0.4713464449772139], "couch": [0.4297936273714922, 0.5273729093387313, 0.37755240831166426], "counter": [0.37863426337352235, 0.38480621218416766, 0.9660974563153986], "crate": [0.9415708361919636, 0.11174532203121135, 0.4706446762749077], "cup": [0.6632122377750216, 0.11804392758749638, 0.6535074227169094], "curtain": [0.34485727427238455, 0.3708398488693885, 0.3105575433254081], "cushion": [0.34639271230783275, 0.5386908206315616, 0.4293960387740513], "decoration": [0.7967938881507519, 0.89443981949931, 0.41204708162545434], "desk": [0.005203463775837025, 0.6880564770801204, 0.5689809882804565], "dining table": [0.22580116411685114, 0.27882749568545684, 0.9435727192148774], "dish rack": [0.8962070036764276, 0.9592147336039802, 0.13430358089643712], "dishwasher": [0.9243476262835876, 0.8738544653266344, 0.8847385405511667], "divider": [0.18678186478071546, 0.3207248850067569, 0.592972946433502], "door": [0.4767366219369077, 0.6409226602710123, 0.40237024852068326], "doorframe": [0.5298444535045636, 0.761505986395081, 0.9552660496165765], "dresser": [0.10343632177718409, 0.3193452656884006, 0.7411771024418918], "dumbbell": [0.29910424122884127, 0.057605314933138585, 0.4383205480484328], "dustpan": [0.20453537539837852, 0.0398849828617146, 0.5016322341638206], "end table": [0.1904039390778388, 0.7813351214068537, 0.9018031729263148], "fan": [0.22789919105560819, 0.7567389453995974, 0.6800565778491497], "file cabinet": [0.33826556305697186, 0.13637713293729148, 0.2269513581043735], "fire alarm": [0.546916319459175, 0.8915573740203262, 0.8311338005447922], "fire extinguisher": [0.07054596166548588, 0.9172798062416365, 0.6507767657555337], "fireplace": [0.4182286759086885, 0.23096191300052415, 0.7120214011827212], "floor": [0.25901603616037083, 0.8801146671408663, 0.7291743624739642], "folded chair": [0.896263736497768, 0.06831797347988466, 0.6450760346836418], "furniture": [0.03578731562277093, 0.8872201631838451, 0.6325873291555464], "guitar": [0.30856108146177397, 0.15357266605724973, 0.7718510757501771], "guitar case": [0.668781878549197, 0.13854289003360376, 0.4475037703864938], "hair dryer": [0.04082229056186859, 0.191093016543042, 0.40000875178389816], "handicap bar": [0.6781233184607696, 0.03335556312747423, 0.5928616011521091], "hat": [0.7874256372997985, 0.7280429001117626, 0.6015273195917304], "headphones": [0.3026482989752901, 0.7279409883707939, 0.2595198770988304], "ironing board": [0.07601839586684611, 0.18467232651848953, 0.4445632081411025], "jacket": [0.6990842191215003, 0.8841692460405324, 0.9024838359952044], "keyboard": [0.6698929790448528, 0.6928503263919493, 0.21779802822800964], "keyboard piano": [0.7083045056089019, 0.6397035958677962, 0.9179926612952612], "kitchen cabinet": [0.5643230622334041, 0.09231830891437454, 0.9166848766532827], "kitchen counter": [0.011187180980232192, 0.41630107790525794, 0.8612923687158793], "ladder": [0.037038179928722714, 0.9161149552396006, 0.31919225097595605], "lamp": [0.6464256710927349, 0.3729766751821616, 0.6388088335935753], "laptop": [0.7799405997872232, 0.04194002873541969, 0.1741997307524339], "laundry basket": [0.1101701482497286, 0.06580004908663395, 0.7667869785886179], "laundry detergent": [0.6309004482666294, 0.23735454327578132, 0.4028848730744917], "laundry hamper": [0.7223207061057678, 0.8295530693025162, 0.43640853674272595], "ledge": [0.2772203038615255, 0.9823005374952135, 0.18434944019254473], "light": [0.30645571950004136, 0.3869843356252154, 0.009016452347473947], "light switch": [0.6897223611704495, 0.5713454715218318, 0.12994676937649063], "luggage": [0.13143845551391686, 0.36641446561765656, 0.19444577986330125], "machine": [0.09864585748830479, 0.14999831222989046, 0.6567561549979254], "mailbox": [0.11654175314079462, 0.3204484955537489, 0.6505641972909989], "mat": [0.7146099632818836, 0.5772738965045627, 0.43568171721949156], "mattress": [0.15041631450478954, 0.7366714117907963, 0.6896576141614115], "microwave": [0.3808209969715197, 0.12497008827047351, 0.3468268524846504],